property_type,neighborhood,address,room_num,floor,area,garden_area,days_to_enter,num_of_payments,monthly_arnona,building_tax,total_floors,description,has_parking,has_storage,elevator,ac,handicap,has_bars,has_safe_room,has_balcony,is_furnished,is_renovated,num_of_images,distance_from_center,price
פרטי/קוטג',יד אליהו,אלון יגאל 50,3,0,75,140,0,12,0,0,1,בית פרטי 3 חדרים חדר מאסטר ענקי + חדר גדול שופץ לאחרונה מחסן גדול בנוי ומואר 2 חצרות גדולות מיקום מרכזי ביותר - קרוב לתחבורה ציבורית +רכבת ההגנה/עזריאלי/היכל מנורה במרחק הליכה של חצי דקה שקט ומרווח מתאים למשפחות 75 מטר בנוי+ 140 מטר החצרות *לא לשותפים* *לא ליחידים*,0,0,0,0,0,0,0,0,0,0,18,3270,8000
גג/ פנטהאוז,כוכב הצפון,אבא קובנר 9,5,7,210,0,-1,12,0,500,7,"פירוט ריהוט יש אפשרות לקבל ריהוט מלא, פרטים בנייד המפורסם",1,1,1,1,0,0,1,1,1,1,10,3900,25000
דירה,יד אליהו,פרזון 19,4,6,92,0,0,1,0,0,7,"דירת 4 חדרים חדשה מקבלן ועיצוב אדריכלי, קומה גבוהה עם נוף בפרויקט החדש בפרזון, יד אליהו. 92 מ""ר + 12 מ""ר מרפסת (דרום) עם חנייה תת קרקעית ומחסן. חדר ממ""ד, חדר מאסטר ועוד חדר ילדים, מטבח מאובזר במכשירי חשמל בילט-אין ברמה גבוהה, פרקט בכל הדירה, מקלחונים בחדרי הרחצה, גופי תאורה מיוחדים, חיבור למכונת כביסה, חיבור לגז במרפסת, מיזוג VRF אפשרות לכניסה מיידית",1,1,1,1,1,0,1,1,0,1,10,5510,9100
דירת גן,כוכב הצפון,בילויה מעוז 6,4,0,200,100,-1,12,790,570,12,"פירוט ריהוט פירוט ריהוט למי שמעוניין: מקרר,טלווזיות (2), תנור, מיקרו, מדיח, מכונת כביסה, מייבש כביסה, ספה, שולחן אוכל נפתח, וכסאות בר. מיטה זוגית עם אחסון ארונות קיר בכל הבית והחדרים, שידות טלוויזיה וריהוט גינה.",1,0,1,1,1,0,1,1,1,1,8,3700,18000
דירה,כוכב הצפון,בוני העיר 3,4,3,125,0,0,12,0,0,8,"לא מתיווך. דירה להשכרה בכוכב הצפון, רחוב בוני העיר 4 חדרים מרווחת, 113 מר ו15 מרפסת ממ'ד, מרפסת, חניה מקורה, מחסן, חדר שירות וכביסה, שרותי אורחים, חדר כושר בבניין ממוקמת בצד הקרוב לנמל, ממש על פארק הירקון שכ'ד 11,800 כניסה מיידית",1,1,1,1,1,0,1,1,0,0,6,3900,11800
דירה,כוכב הצפון,מאיר יערי 18,5,3,130,0,0,1,950,716,9,"דירת 5 חדרים במאיר יערי 130 מ' דירה +12 מרפסת פונה לפארק הירקון. שמורה ומשופצת, 2 חניות ומחסן כניסה מיידית",1,1,1,1,1,0,1,1,0,1,5,3800,14000
דירה,יד אליהו,נגבה 13,4,5,106,0,-1,12,600,0,7,"להשכרה ללא תיווך!! ברח' נגבה 13 בתל אביב דירת 4 חדרים בבניין חדש עם מרפסת שמש, נוף פתוח,חניה פרטית מקורה!! קומה 5 מתוך 7 עם מעלית. בסמוך לבניין נמצא פארק, בתי ספר, גנים, תחבורה ציבורית, מרכז מסחרי (מכולת, מאפייה, ירקנייה ועוד) גישה נוחה לאיילון. כניסה מיידית! . לפרטים נוספים ותיאום מומלץ לשלוח הודעת וואטספ ונחזור אליכם לא בשבת! אביב/רחל/שאנה",1,0,1,1,1,0,1,1,0,0,10,5190,8200
דירה,הצפון הישן החלק המרכזי,"מהר""ל 25",3,2,71,0,0,12,467,614,4,"בנין ברמה יוצאת דופן. בידוד רעש מעולה. עם חניה בחניון פנימי סגור. מזגני מיצובישי שקטים. ממ""ד - חדר מלא. מרפסת 12 מ""ר. כולל 2 ארונות בחדרים, תנור וכיריים. חדר אופניים בבנין",1,1,1,1,0,0,1,1,0,0,6,1005,10150
דירת גן,גני צהלה,עיר שמש 32,3.5,0,65,90,0,12,250,150,2,פירוט ריהוט ארונות בגדים,1,1,0,1,0,0,1,1,1,1,1,9000,8500
דירה,הצפון הישן החלק המרכזי,ארלוזורוב 35,3,1,70,0,0,12,240,190,4,פירוט ריהוט ארון קיר גדול באחד מחדרי השינה,0,0,0,1,0,1,0,1,0,0,3,253,6600
דירת גן,גני צהלה,עיר שמש 32,3.5,0,67,100,-1,12,300,120,1,דירת גן מקסימה באזור מעולה גינת משחקים ענקית כמעט צמודה עם מגרשים,0,0,0,0,0,0,0,1,0,1,6,8900,8600
דירה,גני צהלה,שינדלר אוסקר 14,2.5,0,50,0,0,12,0,0,1,פירוט ריהוט מרוהטת קומפלט!,0,0,1,1,0,1,1,0,1,0,4,8800,4700
דירה,יד אליהו,גיבור האלמוני 26,4,2,110,0,0,12,400,250,5,פירוט ריהוט מיטות ארונות קיר ספה פינת ישיבה למרפסת פינת אוכל,1,0,1,1,1,0,0,1,0,0,13,5330,78000
דירה,יד אליהו,משה דיין 63,3,0,70,0,-1,12,300,250,5,פירוט ריהוט תנור כיריים מדיח 2 ארונות קיר מקרר,1,0,0,1,0,1,1,0,1,1,8,5170,6000
דירה,הצפון הישן החלק המרכזי,עמנואל הרומי 30,2,3,40,0,0,12,100,100,3,"דירה יפה ומוארת, חזיתית למערב חדר שינה מרווח עם ארון 2 מזגנים חדשים",0,0,0,0,0,0,0,0,0,0,2,1206,5800
דירה,כוכב הצפון,"ש""י עגנון 24",3,6,85,0,0,12,500,350,8,"דירה מרווחת מאוד במיקום מושלם, מרפסת גדולה עם נוף לים, אוטובוסים נוחים ומהירים לאוניברסיטה, חניה פרטית. לא מרוהטת. המחיר מגלם הנחה לסטודנטים עד סוף שנת הלימודים תשפ""ד (סוף יוני 2024). לא מתיווך.",1,1,1,1,0,0,0,1,0,0,5,4200,7600
דירה,הצפון הישן החלק המרכזי,וורמיזה 5,2.5,1,65,0,-1,12,400,150,4,"‏בלב לבא של תל אביב ‏ בסמטה שקטה של רחוב אמסטרדם דירה מושקעת שעוברת שיפוץ מדהים ‏דלתות פנדורה , הכל חדש דירה 65 מ״ר , שלושה חדרים ‏קומה ראשונה ‏יש מעלית ‏ מקלט מסודר ‏חניה משותפת . ארנונה 800 ש״ח לחודשיים ‏ועד בית 150 ש״ח ‏חוזה לטווח ארוך ‏אפשר לסגור מי 1.1.25 ‏מחיר מבוקש 9000 ש״ח",1,0,1,1,1,0,0,1,0,1,8,740,9000
דירה,הצפון הישן החלק המרכזי,ארלוזורוב 50,3,1,70,0,0,11,250,50,4,"דירה יפהפיה משופצת, עורפית, קומה א, במרכז תל אביב. עם סורגים. 2 חדרים + סלון+ פינת אוכל מרווחת. מקלחת עם אמבטיה חדרים מרווחים. מזגן מיני מרכזי. דוד שמש כרומגן. דירה משופצת ברמה גבוהה מעל הסטנדרט. דלתות חדשות, ריצוף חדש.",0,0,0,1,0,1,0,0,0,1,5,255,7700
דופלקס,גני צהלה,מויאל אהרון 12,7,2,140,0,-1,12,2600,0,2,"דופלקס שופץ מהיסוד. מטבח מודרני עם סט תנור כיריים ומיקרוגל ומקרר עם קיוסק ויצרן קרח. 3 חדרי שינה ויחידת הורים ארונות קיר בכל חדרי השינה. חדר עבודה מואר עם יציאה למרפסת. פינת משפחה בקומה השניה. 2 אמבטיות + שירותי אורחים. אזור איכסון בעלית הגג . מזגנים מאווררי תקרה, אזעקה דלת ראשית עם קודן, פשוט להכנס",0,0,0,0,0,0,0,1,0,0,3,8900,14000
דירה,הצפון הישן החלק המרכזי,נחום סוקולוב 4,4,3,120,0,-1,12,600,350,4,פירוט ריהוט דירה מרוהטת אבל אם צריך אפשר בלי רהיטים .,0,0,1,0,1,1,0,0,1,0,10,1098,9000
דירה,הצפון הישן החלק המרכזי,אהרון דוד גורדון 6,4,2,100,0,0,12,600,250,4,"רחוב: בגורדון בקרבת דיזנגוף מיקום פנטסטי. קומה: 3 מתפנה לה דירת 4 חדרים 100 מ""ר משופצת בקומה ג עם מעלית. סלון גדול מאוד פונה לחזית דרומית. מטבח פתוח עם מקום לפינת אוכל ! מרפסת שמש שווה. דוד שמש בניין נעים. הדירה לא מיועדת לשותפים,מציאה למשפחה.",0,0,0,1,0,1,0,0,0,1,1,1200,11000
דירה,הצפון הישן החלק המרכזי,בן יהודה 130,3,1,90,0,0,12,100,100,3,פירוט ריהוט מרוהטת קומפלט!,0,0,1,1,0,1,0,0,1,1,3,900,12000
דירה,גני צהלה,פומרוק 15,5,1,100,0,-1,12,745,335,5,"דירה משופצת ומאווררת, מתאימה למשפחה עם 2-3 ילדים. חניה בשפע ליד הבניין .",0,1,1,1,0,0,0,1,0,1,6,8900,9500
מחסן,כוכב הצפון,מאיר יערי 9,1,0,16,0,0,6,100,50,1,מחסן גדול (16 מטר נטו)בקומת הקרקע של בניין מגורים. עם חניה צמודה.,1,1,0,1,0,1,0,0,0,1,2,3900,3100
דירה,הצפון הישן החלק המרכזי,ארבע ארצות 3,3,2,75,0,0,12,500,250,5,"מרכז תל אביב דירת 3 חדרים נהדרת משופצת יפה ! הדירה בקומה ג מוצפת אור חדרי שינה גדולים. סלון גדול פתוח למטבח , דוד שמש , נגישות לגג ענקי. בעלים נהדר. כניסה 20/8 דירה מציאה לזוגות או שותפים לא לפספס !",0,0,0,1,0,0,0,0,0,1,7,821,8300
דירה,הצפון הישן החלק המרכזי,דיזנגוף,3,6,87,0,-1,12,0,0,7,"דירת 3 חדרים חדשה גדולה ומרווחת בבניין חדש במיקום מצויין ומרכזי בקרבה לכיכר דיזנגוף ולמרכז העיר. גודל הדירה 75 מ""ר בנוי + 10 מ""ר מרפסת שמש עם נוף פתוח. בדירה יש ממ""ד. לדירה חניה פרטית. דירה מעוצבת ומושקעת. מפרט בנייה גבוה ואיכותי",1,0,1,1,1,1,1,1,1,1,13,0,9500
דירה,הצפון הישן החלק המרכזי,לסל,3,2,88,0,-1,12,0,0,5,"פירוט ריהוט בצפון הישן בקרבת שלמה המלך, יהושע בן נון, זמנהוף, שטנד, בזל, בר כוכבא, גורדון, שפינוזה, ריינס, פרישמן, דובנוב, נורדאו, דב הוז, שלום עליכם, מאפו, הירקון, גנסין, רופין, ביירון, בן גוריון, הרשנברג",1,0,1,1,1,1,1,1,1,1,13,1900,12500
דירה,כוכב הצפון,מאוריציו ויטלה,5,13,273,0,0,12,0,0,14,פירוט ריהוט מרוהט קומפלט,1,1,1,1,1,1,1,1,1,1,1,4300,100
דירה,כוכב הצפון,None,4,6,130,0,0,12,800,2000,10,פירוט ריהוט מעוצבת ברמה בית מלון יוקרתית מרוהטת מלא ריהוט איטלקי ריהוט גן מטבח מאובזר מלא. תאורה ארונות בחדרים מעוצב ברמה של בית מלון בפילהרמונית #שומר 24/7 חדר כושר# בריכה חיצונית#לובי מפואר,1,0,1,1,1,1,1,1,1,0,6,,17500
דירה,יד אליהו,"שדרות החי""ל 21",4,0,115,0,0,12,325,500,7,"להשכרה דירת גן עם תקרות גבוהות בפרויקט הכי נחשק של אקרו נדל""ן ביד אליהו !! מעוצבת אדריכלית ע''י גידי בר אוריין , יציאה מכל חדר לגינה ,פרטיות בכל חדר עם חדר רחצה אישי לכל יחידה !!פרקטים בחדרים כ-100 מ''ר בנוי + 30 גינה , ממ''ד ,מטבח משודרג הכולל מקומות ישיבת בר, כולל מרפסת ,לטווח ארוך כולל מחסן גדול וחניה צמודה למחסן !!",1,1,1,1,1,0,1,1,0,0,11,4500,9000
דירת גן,יד אליהו,אריה אלטמן,4,0,140,0,0,12,0,0,7,"להשכרה דירת גן 4 חדרים חדשה מקבלן ! מפרט משודרג - מטבחי רגבה, פרקט בכל הבית,דאמפרים - מזגנים שליטה מכל חדר. הנכס ממוקם בשכונה המבוקשת יד אליהו, גישה נוחה וישירה לנתיבי איילון ומרכז העיר תל אביב, בקרבת בתי ספר וגנים, נגישות לתחבורה ציבורית, מרחק הליכה קצר למרכז המסחרי בקצה הרחוב ובנוסף מרחק קצר למרכז המסחרי של בית גיל הזהב, איזור מצויין למגורים.",1,1,1,1,0,0,1,1,0,1,10,5470,9200
דירה,כוכב הצפון,None,5,13,148,0,-1,12,0,0,25,"בחוות גורדון. דירת 5 חד' בשטח 133 מ""ר + 15 מ""ר מרפסת שמש עם נוף פתוח. מטבח מושקע - פתוח לסלון גדול עם תקרה כפולה, מוארת מאוד- חלונות מסך ענקים ,סוויטת הורים עם חדר ארונות גדול, 3 חדרי ילדים מרווחים ,חדרי רחצה מפנקים,2 חניות ומחסן. בפרוייקט :לובי מפואר ,שומר 24/7 ,בריכה ,מועדון דיירים",1,1,1,1,1,0,1,1,0,0,4,,18500
דירה,הצפון הישן החלק המרכזי,"שי""ר",3,1,98,0,0,12,0,0,6,"דירת 3 חדרים חדשה גדולה ומרווחת בבניין חדש ויוקרתי במיקום מצויין בלב הצפון הישן בקרבה לחוף הים ולמרכז העיר. גודל הדירה 84 מ""ר בנוי + 14 מ""ר מרפסת שמש. לדירה חניה פרטית. אמבטיה שירותים כפולים הכוללים חדר מאסטר. דירה מעוצבת ומושקעת מפרט בנייה גבוה ואיכותי",1,1,1,1,1,1,1,1,0,1,11,1100,11800
גג/ פנטהאוז,הצפון הישן החלק המרכזי,בן יהודה,3.5,5,200,0,0,12,600,450,5,פירוט ריהוט ריהוט מלא חדש,1,1,1,1,0,0,1,1,1,1,13,8500,14000
דירה,הצפון הישן החלק המרכזי,אמסטרדם,3,3,100,0,-1,12,475,525,7,"באמסטרדם השקט בבנין מסודר עם 2 מעליות, דירה גדולה עם 2 חדרי שינה, סלון גדול, שירותים ואמבטיה בנפרד, מטבח בנפרד, מים חמים 24/7, כניסה ב-1/8/2024",0,0,1,1,1,0,0,1,0,0,10,628,9750
דירה,הצפון הישן החלק המרכזי,יהושע בן נון 4,3,1,70,0,0,12,650,80,4,רחוב: בבזל פינת יהושע בן נון הצפון הישן דירת 3 חדרים בקומת קרקע משופצת נייס כ-70 מ׳ר גם לשני שותפים כניסה 1-7,0,0,0,1,0,0,0,0,0,1,2,593,6950
דירה,הצפון הישן החלק המרכזי,ארלוזורוב 6,4,3,95,0,0,12,500,200,4,"רחוב: ארלוזורוב מרכז תל אביב דירה של 4 חדרים,כ - 95 מטר,משופצת מקסימה ואיכותית. סלון עם מטבח פתוח. חדרי שינה עם מזגנים. עברה שיפוץ לפני 4 שנים. פונה לחזית. מקלחת ושורתים ביחיד. בניין מסודר ואיכותית. קרובה לויצמן. כניסה: 1.10.2024",0,0,0,1,0,0,0,0,0,1,4,1049,9500
דירה,יד אליהו,מונאש 9,3,1,70,0,-1,12,150,50,3,פירוט ריהוט ארון קיר חדש,0,0,0,1,0,0,0,0,0,0,5,5120,4650
דירה,הצפון הישן החלק המרכזי,וורמיזה 15,4,2,130,18,0,12,600,3000,20,פירוט ריהוט חלקי - אבזור חשמלי וארונות! אפשרות לריהוט מלא!,1,1,1,1,1,0,1,1,1,1,6,825,19000
דירה,יד אליהו,אלטמן שדרות החיל 12,4,3,95,0,0,12,1000,500,7,פירוט ריהוט מטבח חדש שירותים לאמבטיה ובחדר הורים שירותים ומקלחון,1,1,1,1,0,0,1,1,0,1,0,5540,8500
דירה,הצפון הישן החלק המרכזי,ויזל 3,2,2,70,0,0,12,650,150,4,ברחוב וייזל המבוקש בקרבת שדרות בן גוריון המיקום הכי חם בעיר. ‏מתפנה לה דירת שני 70 מ״ר גדולה עם מרפסת ענקית הפונה למערב עם נוף פתוח ! חדרי שינה גדולים כמו של פעם ! מטבח ניפרד עם מרפסת שרות ! הול גדול שיכול לשמש כפינת עבודה ! הדירה מאוד מוארת ומאווררת ! הסכם שכירות קל ! שכ״ד 7000 ש״ח וגמיש מעט לרציניים ! תאריך כניסה 12/4 מציאה אמיתית לא לפספס !,0,0,0,1,0,0,0,1,0,0,13,762,7000
דירה,הצפון הישן החלק המרכזי,סוקולוב 3,3,0,85,0,0,12,750,360,5,רחוב: בסוקלוב ז׳בוטינסקי מיקום מעולה שניה מדיזינגוף וכמה דקות הליכה לחוף הילטון דירת 3 חדרים 85 מ״ר משופצת ברמה גבוהה מאוד ! חדרי שינה גדולים ושווים ! עם שרותיים ומקלחת לכל חדר ! סלון ענקי פתוח למטבח מפנק ! הדירה מלאה באור ואויר בניין מאוד איכותיי הדירה מעולה לזוג משפחה או שני שותפים תאריך כניסה 1/3,0,0,0,1,0,1,1,0,0,1,3,1101,8000
דירה,הצפון הישן החלק המרכזי,דיזנגוף 168,3,4,70,0,0,12,0,195,4,"ליד רחוב ארלוזורב. מרכז תל אביב דולפלקס של 3 חדרים,כ - 75 מטר, משופצת ומסודרת,קומה 1 סלון עם מטבח פתוח. חדר שינה עם מזגן חדר ממ""ד ומלקחת ושרותים. קומה 2 - חדר שינה עם מזגן,עם ארון קיר,יציאה למרפסת שמש של 11 מטר ובנוסף יציאה נוספת למרפסת כפולה של 11 מטר. פונה לרחוב באר טוביה השקטה. בניין עם מעלית מתאימה לזוג \ שותפים. כניסה מידית.",0,0,1,1,0,0,1,1,0,1,8,121,7700
דירה,הצפון הישן החלק המרכזי,ארלוזורוב 33,2,0,52,0,0,12,450,250,4,"ליד הקאנטרי דירת 2 חדרים 52 מטר,ליד בלוך וליד הקאנטרי ויש חניון עירוני. קומת קרקע גבוהה( עולים 6 מדרגות ) 3 כיווני אוויר מלאת אור ושקטה צריך צ׳קים + ערבים+ חודש פיקדון נזיל כניסה:1-3-24",0,0,0,1,0,1,0,0,0,1,6,247,5500
דירה,הצפון הישן החלק המרכזי,שדרות בן גוריון 3,2,2,70,0,0,12,500,250,4,"קרוב לים דירה של 2 חדרים,כ - 70 מטר סלון עם פינת אוכל. מטבח פתוח לסלון,פלוס פינת אוכל. חדר שינה גודל ומרוווח. הליכה לים בניין מטופח ומסודר. מיקום מעולה. כניסה: 1.3.2024",0,0,0,1,0,0,0,1,0,1,7,1271,6500
דירה,הצפון הישן החלק המרכזי,לסל 7,3,2,70,0,0,12,500,250,4,"רחוב: א.ד גורדון הצפון הישן דירה של 3 חדרים,כ - 70 מטר, קומה ב',מצויינת לזוג עם תינוק אפשר גם שותפים משופצת ללא מעלית. אין מקלט אין ממ""ד מרפסת יפה לחזית בא עם ריהוט ( יש אפשרות להוציא ) 2 שרותים ומקלחת אחת מוארת ריצוף שיש בכל הדירה ארנונה 635 לחודשיים מפתחות אצלי כניסה 1/1/24",0,0,0,1,0,0,1,0,0,1,5,1308,8750
דירה,הצפון הישן החלק המרכזי,אהרון דוד גורדון 5,2,4,60,0,0,12,500,250,4,בגורדון המבוקש. 5 דקות הליכה מהים ! מתפנה לה דירת גג מדהימה ! 2 חדרים משופצת עם גג פרטי של 30 מ״ר באותו המפלס ! בניין משופץ ! ! חדר שינה גדול ! סלון גדול פתוח למטבח ! מושלמת לזוגות ! כניסה מיידית/גמישה,0,0,0,1,0,0,0,1,0,1,9,1900,6500
דירה,הצפון הישן החלק המרכזי,ז'בוטינסקי 6,3,2,70,0,0,12,900,250,4,"רחוב: ז'בוטינסקי מרכז תל אביב דירה של 3 חדרים,כ - 70 מטר חדשה מקסימה איוכתית ויפה,יציאה למרפסת שמש 5 מטר. סלון עם מטבח פתוח,פלוס פינת אוכל. מוארת שרותים ומקלחת ביחיד. ועד: 200 ש""ח לחודש,ועיריה: 900 ש""ח לחודש. 1.1.2023",1,0,1,1,0,0,1,1,0,1,7,639,10000
דירה,הצפון הישן החלק המרכזי,רחל 8,3,3,87,0,0,12,1000,260,5,"דירה של 3 חדרים כ - 87 מטר,סלון עם פינת אוכל, מוארת. חדרי שינה עם מזגנים. 3 כוון אויר. קומה: ג' מהסלון יציאה למרפסת סגורה,מיקום שקט,של הרחוב. חניה משותפת.,ומעלית. כניסה מידית.",1,0,1,1,0,0,0,1,0,1,6,285,10000
דירה,הצפון הישן החלק המרכזי,אלחריזי 3,3,2,70,0,-1,12,300,200,3,None,1,0,1,1,0,0,0,1,0,1,0,1500,6000
דירה,הצפון הישן החלק המרכזי,רחל 4,3,3,89,0,-1,12,700,300,5,"דירה של 3 חדרים כ - 87 מטר,סלון עם פינת אוכל, מוארת. חדרי שינה עם מזגנים. 3 כוון אויר. קומה: ג' מהסלון יציאה למרפסת סגורה,מיקום שקט,של הרחוב. חניה משותפת.,ומעלית. כניסה מידית.",0,0,1,1,0,1,0,1,0,1,8,245,9900
דירה,הצפון הישן החלק המרכזי,אמסטרדם 13,3.5,3,90,0,0,1,754,200,4,None,1,0,1,1,0,1,0,0,0,1,0,1800,13000
דירה,הצפון הישן החלק המרכזי,ארלוזורוב 4,4,2,90,0,0,12,500,250,4,"רחוב: ארלוזורוב - דיזנגוף 4 חדרים עורפית ומשופצת קומה 4 עם מעלית כ 90 מ״ר אופציה לחניה פרטית משופצת מוארת עורפית ושקטה, חדר 1 גדול מאוד, 2 חדרים מרווחים כשווים, חדר מאסטר 2 שירותים, 2 אמבטיות דוד שמש בדירה 2 ארונות ומקרר מתאים ל3 שותפים / משפחה ‏אפשר בע״ח כניסה מידית",0,0,0,1,0,0,0,0,0,1,10,1029,10500
דירה,הצפון הישן החלק המרכזי,בן יהודה 111,2,2,60,0,0,12,300,200,4,"דירה של 2 חדרים,כ - 60 מטר פונה לעורף. מסודרת מוארת מטבח עם פינת עבודה. חדרי שינה עם מזגן. מוארת בניין מטופח ומסודר ""אפשרות למרוהטת"". כניסה מידית.",0,0,0,1,0,1,0,0,0,1,6,452,7500
דירה,הצפון הישן החלק המרכזי,קלונימוס 4,3,3,80,0,0,12,800,200,4,"הקלאסי דירת 3 חדרים 80 מ""ר משופצת ויפה ! סלון מרווח פתוח למטבח עם מקום לפינת אוכל ! הדירה פונה למערב מוארת ומאוררת מאוד ! פרקט בחדרי השינה ! בניין מסודר ונעים ! מושלמת לזוגות או שני שותפים ! דירה נדירה ברחוב מושלם. קומה: ג' - ללא מעלית. כניסה מידית",0,0,0,1,0,0,0,0,0,1,5,1186,8100
דירה,הצפון הישן החלק המרכזי,קלונימוס 7,3,2,80,0,0,12,850,150,4,"בצפון הישן הקלאסי דירת 3 חדרים 80 מ""ר משופצת ויפה ! סלון מרווח פתוח למטבח עם מקום לפינת אוכל ! הדירה פונה למערב מוארת ומאוררת מאוד ! פרקט בחדרי השינה ! בניין מסודר ונעים ! מושלמת לזוגות או שני שותפים ! דירה נדירה ברחוב מושלם. גמישות קלה. כניסה מידית",0,0,0,1,0,0,0,0,0,1,5,1234,8500
דירה,הצפון הישן החלק המרכזי,קלונימוס 3,3,2,80,0,0,12,500,150,4,"רחוב: קלונימוס בצפון הישן הקלאסי דירת 3 חדרים 80 מ""ר משופצת ויפה ! סלון מרווח פתוח למטבח עם מקום לפינת אוכל ! הדירה פונה למערב מוארת ומאוררת מאוד ! פרקט בחדרי השינה ! בניין מסודר ונעים ! מושלמת לזוגות או שני שותפים ! דירה נדירה ברחוב מושלם. גמישות קלה. כניסה מידית",0,0,0,1,0,0,0,0,0,1,5,1800,8500
דירה,הצפון הישן החלק המרכזי,גרץ 6,3,2,78,0,0,12,750,200,5,"דירה של 3 חדרים,כ - 78 מטר, משופצת מסודרת מקסימה ואיוכתית. סופר מוארת קומה 2 עם מעלית בניין מסודר ללא בעח מושלמת ליחיד/זוג/ משפחה קטנה כניסה מידית.",0,0,0,1,0,0,0,0,0,1,3,227,8500
דירה,הצפון הישן החלק המרכזי,יהושע בן נון 3,2,2,70,0,0,12,300,200,4,"דירה של 2 חדרים,כ - 70 מטר, משופצת איוכתית ויפה סלון עם מטבח פתוח. מוארת מקסימה איוכתית ויפה. בניין עם קודן,ואינרקום. בניין עם מעלית. חניון קרוב של עירית תל אביב כניסה מידית.",0,0,0,1,0,0,0,0,0,1,4,609,8600
דירה,כוכב הצפון,מאיר יערי 4,4,4,100,0,0,12,1200,200,6,"שכונה: כוכב הצפון דירה של 4 חדרים,כ - 100 מטר,עם יציאה למרפסת של 14 מטר. 2 חניות ומחסן בניין עם בריכה, שומר, חדר כושר 1600 דמי ניהול מתפנה ב1/2/23",1,0,1,1,0,0,0,1,0,1,1,4000,14500
דירה,הצפון הישן החלק המרכזי,זלטופולסקי 7,3,0,70,0,0,12,500,100,3,"צפון הישן השקט נגיעה מחוף הילטון במיקום חלומי ! חוזה לשנה אחת ! ( התראה של 90 יום עקב תמ""א 38/2 הריסה ובנייה ) דירת 3 חדרים 70 מטר בקומת קרקע שני חדרי שינה גדולים שני חדרי רחצה ושירותים, סלון מטבח מתאים מאוד ל2 שותפים/ות כניסה מיידית !",0,0,0,1,0,1,0,0,0,0,6,1113,7200
דירה,הצפון הישן החלק המרכזי,ארלוזורוב 55,2,0,52,0,-1,12,250,200,4,"רחוב: ארלוזרוב דירת 2 חדרים 52 מטר,ליד בלוך וליד הקאנטרי ויש חניון עירוני,קומת קרקע גבוהה( עולים 6 מדרגות ) 3 כיווני אוויר מלאת אור ושקטה כניסה מיידית רהיטים למכירה אם רוצים צ׳קים + ערבים+ חודשיים פיקדון נזיל. כניסה:1.02.2023",0,0,0,1,0,1,0,0,0,1,5,538,6300
דירה,הצפון הישן החלק המרכזי,אבן גבירול 111,3,3,78,0,0,12,500,200,4,"מרכז תל אביב דירה של 3 חדרים,כ - 78 מטר,משופצת מקסימה ואיוכתית. סלון עם פינת אוכל. שלושה כוון אויר. מזגנים בכל חדר. מוארת. בניין מטופח ומסודר. מתאימה לשותפים \ זוג פלוס ילד. כניסה מידית.",0,0,0,1,0,0,0,0,0,1,9,983,6800
דירה,הצפון הישן החלק המרכזי,בן גוריון 9,2,3,58,0,0,12,500,200,4,"רחוב: בן גוריון מרכז תל אביב דירה של 2 חדרים,כ - 58 מטר,עם יציאה למרפסת שמש של 12 מטר רואים ים. יש מקרר .מזגנים חדשים 2 שירותים גם מקלחת וגם אמבטיה מכונת כביסה מיטה כניסה: 1.12.2022",0,0,0,1,0,0,0,1,0,0,4,5574,8000
דירת גן,הצפון הישן החלק המרכזי,לסל 9,2,0,50,0,0,12,400,100,4,"דירת גן קסומה מודרנית , 2 חד + חצר ( לא פרטית) , אפשר בע׳ח כ-50 מר ויש מרפסת אין חניה כניסה מיידית",0,0,0,1,0,1,0,1,0,1,9,1367,7000
דירה,הצפון הישן החלק המרכזי,בן גוריון 77,3,2,80,0,0,12,500,250,4,רחוב: בסימטאות בן גוריון הצפון הישן מיקום פצצה‏ ברחוב סופר שקט ! מתפנה לה דירת 3 חדרים משופצת ברמה גבוהה ! ‏סלון גדול פתוח למטבח עם מקום לפינת אוכל ! ויטרינה גדולה לאורך הדירה שמכניסה המון אור ואויר ! חדרי שינה גדולים ומרווחים ! דוד שמש ! תאריך כניסה 15.12 אפשרי גם קודם 15.11 קומה: 4\2,0,0,0,1,0,1,0,0,0,1,5,708,8250
דירה,הצפון הישן החלק המרכזי,ויזל 6,3,2,80,0,0,12,600,200,4,רחוב: בסימטאות בן גוריון הצפון הישן מיקום פצצה‏ ברחוב סופר שקט ! מתפנה לה דירת 3 חדרים משופצת ברמה גבוהה ! ‏סלון גדול פתוח למטבח עם מקום לפינת אוכל ! ויטרינה גדולה לאורך הדירה שמכניסה המון אור ואויר ! חדרי שינה גדולים ומרווחים ! דוד שמש ! שכ״ד 8500 תאריך כניסה 15.12 אפשרי גם קודם 15.11,0,0,0,1,0,0,0,1,0,1,8,726,8500
דירה,יד אליהו,הגיבור האלמוני 8,3,4,60,0,0,12,500,200,4,"רחוב: הגיבור האלמוני ביד אליהו דירה של 3 חדרים,כ - 60 מטר,חדשה מהיסוד מקסימה ואיוכתית. סלון עם מטבח פתוח. חדרי שינה עם מזגנים. 3 כוון אויר. נוף פתוח בניין עם קודן ואינטרקום,ללא מעלית. קומה 4 - ללא מעלית. כניסה מידית.",0,0,0,1,0,0,0,0,0,1,7,5100,5500
דירה,כוכב הצפון,אבא קובנר 9,5,5,135,0,0,12,1000,500,8,"רחוב: אבא קובנר שכונה: כוכב הצפון דירה של 5 חדרים,כ - 125 מטר משופצת מקסימה עם יציאה למרפסת שמש של 12 מטר עם נוף פנורמי סלון עם מטבח פתוח פלוס פינת אוכל. חדרי שינה עם מזגנים יח' הורים, עם אמבטיה ושורתים צמודים. חניה כפולה,ומחסן,ומעליות. כניסה מידית.",1,0,1,1,0,0,1,0,0,1,4,3800,13000
דירה,הצפון הישן החלק המרכזי,סוקולוב 9,3,3,90,0,0,12,1200,250,4,"דירה של 3 חדרים ,כ - 90 מטר. מסודרת מוארת מקסימה ואיוכתית.. יציאה לגג ענק משותף מעוצבת ומרוהטת , הריהוט לא מחייב . וטרינת שמש בסלון גדולה . 2 חדרי שירותים . פונה למרחב פתוח מוקפת צמחיה ירוקה . כיווני אוויר - מערב- צפון - מזרח . מוארת ושקטה . קומה שלישית שווה לעלות חניה פרטית לדירה . תאריך כניסה גמיש 10.2022",1,0,1,1,0,0,0,1,0,1,9,1058,12000
דירה,הצפון הישן החלק המרכזי,עמנואל הרומי 7,3,3,68,0,-1,12,500,250,5,"רחוב: עמנואל הרומי הצפון הישן דירת 3 חדרים במצב מעולה,פרקט בכל הדירה,סלון מרווח ומואר. בקרבת רחוב ג׳בוטינסקי מטבח גדול שפתוח לסלון קומה 3 ללא מעלית הדירה מתאימה לזוג או משפחה (לא לשותפים) כניסה ב 1.10",0,0,0,1,0,0,0,0,0,1,9,1054,7250
דירה,הצפון הישן החלק המרכזי,רחל 4,3.5,1,90,0,-1,12,900,500,8,"הצפון הישן דירה של 3.5 חדרים,כ - 87 מטר, פונה לעורף,עברה שיפוץ לפני מספר שנים. סלון עם פינת אוכל. מטבח בנפרד. חדרי שינה עם פרקטים. שרותים ואבטיה מרכזים,עם יציאה למרפסת שרות ובנוסף יח' הורים עם ארון קיר. מים חמים 24 שעות ביממה. הדירה מסורגת,במיקום מרכזי, הליכה לבית ספר גרץ,ולים. הדירה ללא חניה,בניין איוכתית עם שתי מעליות. כניסה: 5.9.2022",0,0,1,1,0,1,0,0,0,1,7,1200,11000
דירה,הצפון הישן החלק המרכזי,רחל 8,3.5,1,87,0,-1,12,500,300,5,"הצפון הישן דירה של 3.5 חדרים,כ - 87 מטר, פונה לעורף,עברה שיפוץ לפני מספר שנים. סלון עם פינת אוכל. מטבח בנפרד. חדרי שינה עם פרקטים. שרותים ואבטיה מרכזים,עם יציאה למרפסת שרות ובנוסף יח' הורים עם ארון קיר. הדירה מסורגת,במיקום מרכזי, הליכה לבית ספר גרץ,ולים. הדירה ללא חניה,בניין איוכתית עם שתי מעליות. כניסה: 5.9.2022",0,0,1,1,0,1,0,0,0,1,4,285,11500
דירה,הצפון הישן החלק המרכזי,ארלוזורוב 66,3.5,3,90,0,0,12,700,200,4,"רחוב: ארלוזורוב מרכז תל אביב דירה של 3.5 חדרים,כ - 90 מטר, סלון עם פינת אוכל. פונה לנוף פתוח. עברה שיפוץ לפני שלוש שנים. מטבח מופרד לסלון פלוס פינת אוכל. חדרי שינה עם מזגנים פונים לעורף מוארת 3 כוון אויר איוכתית ומקסימה מתאימה גם לשותפים \ משפחה קטנה. בניין עם אינטרקום,וקודן. כניסה מידית.",0,0,0,1,0,0,0,0,0,0,7,1400,8500
דירה,הצפון הישן החלק המרכזי,ויזל 9,3,3,78,0,0,12,500,200,4,"רחוב: ויזל הצפון הישן הליכה לים,מיקום מעולה. דירה של 3 חדרים,כ - 74 מטר, מסודרת מוארת מקסימה ואיכותית. סלון עם מטבח פתוח. מוארת כוון אויר טובים. קומה 3 ללא מעלית. כניסה : 1.9.2022",0,0,0,1,0,0,0,0,0,1,4,1130,8500
דירה,הצפון הישן החלק המרכזי,בן יהודה 166,4,2,80,0,0,12,500,200,5,ברחוב בן יהודה ליד ז׳בוטינסקי וחוף הילטון מרוהטת ומשופצת מלאה באור גודל - 80 מטר חדרים -3 מרפסת קטנה מלאת אור קומה -2 שירותים כפולים כניסה מיידית,0,0,0,1,0,0,0,0,0,1,4,533,9700
דירה,הצפון הישן החלק המרכזי,הפרדס 3,2,2,55,0,0,12,450,100,5,"3 חדרים, 70 מטר. משופצת מהיסוד. מרוהטת. קומה 2 לחזית. בניין משופץ עם קודן. מאובזרת לחלוטין (מכונת כביסה בוש חדשה, תנוא, מיקרו, מקרר, אבזור מלא של המטבח, מיטה ומזרן. שולחנות וכיסאות ועד בית 100 ש""ח דירה שקטה ומוארת מאוד (כיוונים דרום ומזרח). מזגנים בכל חדר. כניסה מידית.",0,0,0,1,0,0,0,0,1,1,3,1169,9999
דירה,יד אליהו,נגבה 8,4,3,100,0,0,12,650,500,6,"תל אביב - מזרח דירה של 4 חדרים כ - 100 מטר משופצת חדשה מקסימה ואיכותית. חדרי שינה עם מזגנים. מקלחת ושרותים ביחיד. ובנוסף עוד אמבטיה ושורתים. בניין אחרי שיפוץ,הכל חדש. בניין ללא מעלית,וחניה. כניסה מידית.",0,0,0,0,0,0,0,0,0,1,8,5130,7000
דירה,הצפון הישן החלק המרכזי,שמואל הנגיד 5,3,2,85,0,0,12,500,200,4,"מרכז תל אביב 3 חדרים מקסימה ,טובלת בירוק . שקטה ומשופצת מאובזרת קומה 2 עם מעלית עד לקומה 2 חדרי רחצה (אפשרות להשכיר חניה בחניון גן העיר ) חשבונות נמוכים לטווח ארוך כניסה מידית.",0,0,1,1,0,0,0,0,0,1,2,1400,9000
דירה,גני צהלה,ענתות 56,4,3,100,0,-1,12,1000,500,7,"מפרטי ללא תיווך דירה 4 חדרים, מוארת יפה ומרווחת עם נוף מדהים! חדרים גדולים ובמיקום הכי טוב בשכונה , ליד הקנטרי, גנים,ֶ מתנס, צופים, מרכז מסחרי. 2 חדרי שירותים ומקלחת, מעלית וחניה. הסקה מרכזית (בחורף מחוממת ונעימה) ומים חמים כל השנה",1,0,1,1,1,1,0,0,0,1,0,9900,10000
דירת גן,הצפון הישן החלק המרכזי,לסל 6,3,0,70,40,0,12,550,250,4,"להשכרה !! מחיר: 8800 ש""ח רחוב: לסל דירת גן הקסום ליד כיכר אתרים/חוף גורדון!! 3 חדרים כ- 75 מ""ר + 40 מ""ר גינה כניסה פרטית לדירה, קומת קרקע 2 חדרי שינה+סלון + חצר. מתאימה לזוג/2 שותפים יש חיבור לגז ומ.כביסה, צריך 2 ערבים, צ'קים אנשים מסודרים מול הרשויות כניסה מידית .",0,0,0,1,0,1,0,1,0,1,13,1218,8800
דירה,הצפון הישן החלק המרכזי,חתם סופר 8,1.5,1,40,0,0,12,350,150,4,"1.5 חדרים,כ- 40 מטר מסודרת מוארת מקסימה. מיקום שקט. רחוב קטן שיוצאה מדיזנגוף. עם ארון קיר,ומזגן. בניין עם אינטרקום וקודן, קומה: 1 עם מעלית. כניסה מידית.",0,0,0,1,0,1,0,0,0,1,5,2100,6800
דירה,הצפון הישן החלק המרכזי,ארלוזורוב 65,2.5,0,70,0,0,12,500,200,4,"רחוב: ארלוזורב, ליד: יהושע בנון. בבניין חדש מקבלן, דירת קרקע 2.5 חדרים מהממת. 70 מ""ר, ממ""ד, חצר משותפת לשימוש הדיירים. מותר בע""ח",0,0,0,1,0,1,1,0,0,1,3,1300,8000
דירה,הצפון הישן החלק המרכזי,ארלוזורוב 66,2.5,0,70,0,0,12,650,200,5,"רחוב: ארלוזורב, ליד: יהושע בנון. בבניין חדש מקבלן, דירת קרקע 2.5 חדרים מהממת. 70 מ""ר, ממ""ד, חצר משותפת לשימוש הדיירים. מותר בע""ח",0,0,0,1,0,1,0,0,0,1,4,626,8000
דירה,הצפון הישן החלק המרכזי,אליהו בחור 6,2,0,42,0,0,12,450,250,4,"אליהו בחור/עמנואל הרומי 2 חדרים 42 מ""ר קומת קרקע משופצת כחדשה עם פרקט חדש בכל הדירה מרווחת ושקטה מקלחון דוד שמש נישאר בדירה: מקרר תנור כיריים ארון כניסה מיידית ועד 100 ש""ח ארנונה לחודשיים 380 ש""ח מתאימה לזוג כניסה מידית.",0,0,0,1,0,1,0,0,0,1,7,967,6000
דירה,יד אליהו,הגיבור האלמוני 5,5,1,90,0,0,12,600,200,7,"להשכרה !! מחיר: 6950 ש""ח רחוב: הגיבור האלמוני אזור: יד אליהו מתאימה ל-3 שותפים / משפחה קומה - 1 מעלית גודל - 90 מטר חדרים - 5 2 חדרי שירותים / 2 חדרי מקלחות כניסה - 1.1.2022 משופצת",1,0,0,1,0,1,0,1,0,1,3,5590,6950
דירה,הצפון הישן החלק המרכזי,פרנקפורט 9,4,1,120,0,0,12,1000,250,2,"מרכז תל אביב בביניין אינטימי דירת 4 חדרים 120 מטר ( סלון ענק ,חדר שינה גדול ועוד שני חדרי שינה לא גדולים) חנייה (3 חניות טוריות לשלושת דיירי הביניין) + גג ענק מרוצף צמוד לדירה מחדר המדרגות. .מתאימה למישפחה ..או לשותפים איכותיים ( הדירה מישתפצת עכשיו) הסכם לשנה + אופציה כניסה מידית.",1,0,0,1,0,0,0,1,0,1,5,384,12000
דירה,הצפון הישן החלק המרכזי,ארלוזורוב 33,1,1,27,0,0,12,250,50,4,דירה חדר כ - 27 מטר מסודרת מוארת מקסימה ואיכותית. פונה לעורף. קרובה לרכבת צפון. בניין עם קודן ואינטרקום. כניסה מידית.,0,0,0,1,0,1,0,0,0,1,3,247,3200
דירה,יד אליהו,הגיבור האלמוני 3,5,1,90,0,0,12,600,250,6,רחוב: הגיבור האלמוני אזור: יד אליהו מתאימה ל-3 שותפים / משפחה משופצת קומה - 1 מעלית גודל - 90 מטר חדרים - 4 2 חדרי שירותים / 2 חדרי מקלחות כניסה - 1.1.2022,0,0,1,1,0,1,0,0,0,1,6,5570,6950
דירה,הצפון הישן החלק המרכזי,ז'בוטינסקי 44,3,1,100,0,0,12,900,350,5,"רחוב: ז'בוטינסקי בקרבת דיזנגוף והים הצפון הישן דירה של 3 חדרים,כ - 100 מטר משופצת ומעוצבת אדריכלית קומה ראשונה ללא מעלית. חדר מסטר מפנק מוארת ואיכותית. 3 כוון אויר. בניין איוכתית,קרוב לים לכל נקודה בתל אביב. אדריכלית כניסה: 1.1.2022",0,0,0,1,0,1,0,1,0,1,10,1800,12250
דירה,הצפון הישן החלק המרכזי,אהרון דוד גורדון 33,3,2,75,0,0,12,400,200,4,"בקרבת הים רחוב גורדון המבוקש דירת 3 חדרים יפייפיה. מעוצבת. 75 מ""ר + מרפסת. קומה 3 עם מעלית. מרוהטת קומפלט! מחיר- 9,000₪ כניסה ב 1/12/2021 חוזה לשנה אחת",0,0,0,1,0,0,0,1,1,1,11,1055,9000
דירה,כוכב הצפון,ישראל גלילי 9,4,1,104,0,0,12,1650,359,8,"שכונה: כוכב הצפון דרה של 4 חדרים,כ - 104 מטר סלון עם מטבח פתוח,יציאה למרפסת שמש של 12 מטר סלון עם פינת אוכל. עברה שדירוגים + צבע מטבח עם יציאה למרפסת שרות. חדרי שינה עם פרקטים. שרותים כפולים. מקלחת ואבטיה ושרותים ביחיד. חניה תת ק""ק,מעלית,ומחסן. כניסה מידית",1,1,1,1,0,0,0,1,0,1,9,3700,10500
דירה,כוכב הצפון,שראל גלילי 9,4,1,104,0,0,12,1650,350,8,"4 חדרים,כ - 104 מטר סלון עם מטבח פתוח,יציאה למרפסת שמש של 12 מטר סלון עם פינת אוכל. עברה שידרוגים + צבע. מטבח עם יציאה למרפסת שרות. חדרי שינה עם פרקטים. שרותים כפולים. מקלחת ואבטיה ושורתים ביחיד. חניה תת ק""ק,מעלית,ומחסן. כניסה מידית",1,1,1,1,0,1,0,1,0,1,6,3700,10500
דירה,הצפון הישן החלק המרכזי,בן יהודה 188,1,0,30,0,0,12,250,90,5,"דירת סטודיו חמודה ומדליקה + חצר צמודה עורפית ונעימה . 15 מ""ר נעימים וחצר בן יהודה עורף קרוב לז'בוטינסקי והים בבניין פנימי בדירה יש מקררר שולחן ואפשרות למיטה. יציאה לחצר מתוך הדירה",0,0,0,1,0,1,0,1,0,0,3,466,3100
דירה,יד אליהו,מרגולין 8,2.5,1,70,0,0,12,380,80,3,"יד אליהו דירה של 2.5 חדרים,כ - 70 מטר,משופצת מקסימה ואיכותית. פונה לעורף. סלון עם פינת אוכל. חדרי שינה עם מזגנים. חצי חדר עם מזגן עברה שיפוץ כללי לפני 3 שנים. מוארת ומקסימה. בבניין מסודר,פונה לעורף ""בבניין יש חניה משותפת"" כניסה מידית",0,0,0,1,0,0,0,0,0,0,2,4200,5200
דירה,יד אליהו,לה גארדיה 69,2,1,53,31,0,12,380,250,5,"2 חדרים,כ - 51 מטר,חדשה מהקבלן איוכתית ויפה. סלון עם מטבח פתוח. יציאה למרפסת שמש של 21 מטר. פונה לצד. מלקחת ושרותים ביחיד. מיקום מעולה ברחוב. בניין עם מעלית,חניה,ומחסן. כניסה מידית.",1,0,1,1,0,0,1,1,0,1,10,4950,5700
דירה,יד אליהו,לה גארדיה 33,2.5,1,70,0,0,12,380,50,3,"2.5 חדרים,כ - 70 מטר,משופצת מקסימה ואיכותית. פונה לעורף. סלון עם פינת אוכל. חדרי שינה עם מזגנים. חצי חדר עם מזגן עברה שיפוץ כללי לפני 3 שנים. מוארת ומקסימה. בבניין מסודר,פונה לעורף ""בבניין יש חניה משותפת"". דירה טובה דירה פונה לעורף .",0,0,0,1,0,0,0,0,0,1,11,4430,5500
דירה,יד אליהו,לה גווארדיה 33,2.5,1,70,0,-1,12,380,50,3,"2.5 חדרים,כ - 70 מטר,משופצת מקסימה ואיוכתית. פונה לעורף. סלון עם פינת אוכל. חדרי שינה עם מזגנים. חצי חדר עם מזגן עברה שיפוץ כללי לפני 3 שנים. מוארת ומקסימה. בבניין מסודר,פונה לעורף ""בבניין יש חניה משותפת"" כניסה: 15.09.2021",0,0,0,1,0,0,0,0,0,1,11,4430,5500
דירה,יד אליהו,לה גווארדיה 98,4,2,94,0,0,12,750,200,9,"דירה של 4 חדרים,כ - 94 מטר, חדשה מהקבלן איוכתית ויפה. כוון אויר: צפון,ודרום. יציאה למרפסת שמש של 18 מטר. חדרי שינה מרווחים יח' הורים אמבטיה ושורתים צמודים. נוף פתוח. חניה תת ק""ק,ומעלית,ומחסן. כניסה מידית.",1,0,1,1,0,0,1,1,0,1,9,4370,7800
דירה,הצפון הישן החלק המרכזי,הירקון 202,2,0,60,0,0,12,399,60,4,"דירת 2 חדרים מדהימה ....! + חצי חדר פתוח . ברחוב הירקון & ירמיהו מול חוף מציצים תל אביב.! - במיקום הכי טוב של הצפון הישן והשקט..! - משופצת חדש ..!!! - הדירה מגיעה מרוהטת עד הפרט האחרון ברמת איכות גבוה.!!!! - 60 מטר ...! - קומה פרטר יורדים 4 מדרגות. - שקטה ונעימה . - תאריך כניסה 07.2021 - בע""ח באהבה",0,0,0,1,0,1,0,0,0,1,7,854,6000
דירה,הצפון הישן החלק המרכזי,פרנקפורט 11,4,3,104,0,-1,12,1100,450,4,"דירה של 4 חדרים,כ - 104 מטר, סלון עם מטבח פתוח פלוס פינת אוכל. סלון עם פינת עבודה. חדרי שינה עם מזגנים .פלוס מקלחת ושרותים צמודים. יח' הורים עם מקלחת ושורתים. ובנוסף עוד שרותים ואמבטיה. ושרותי נוספים. נשאר בדירה: תנור,כיריים,מדיח, 3 אונות מיטה נוער,מכונת כביסה. מושלמת למשפחה לא לשותפים. ארנונה לחודשיים 110 ש""ח ועד:450 ש""ח בניין טוב עם אינטרקום וקודן. חניה צמודה,ומעלית. כניסה: 1.7.21",1,0,1,1,0,0,0,0,0,0,4,410,11000
דירה להשכרה,כוכב הצפון,None,5,17,120,0,0,0,0,0,1,דירה מהממת הנמצאת בקומה 17 בבניין המערבי וצופה לצפון ולמערב. נוף יפה. דירה חדשה בבניין חדש 5חדרים + מרפסת.,1,0,0,1,0,0,0,1,0,0,1,,3000
גג/פנטהאוז להשכרה,כוכב הצפון,מאיר יערי,6,10,385,0,0,12,0,0,10,פנטהאוז דופלקס חדש מעוצב אדריכלי ברמה גבוהה מאוד 3 מרפסות ענקיות חדש לחלוטין לא גרו בדירה !!! מהנילונים !!! לתיאום יניב 055-6609169,1,1,1,1,1,0,1,1,0,1,2,3900,3500
